{
  "alpha": 0.1,
  "gamma": 0.9,
  "epsilon": 0.05,
  "epsilon_decay": 0.6876560219336321,
  "epsilon_min": 0.05,
  "learning_enabled": true,
  "q_table": {
    "('WALL', 'RED_APPLE', 'WALL')": {
      "AHEAD": -0.010000000000000002,
      "TURN_LEFT": -0.8061698261914101,
      "TURN_RIGHT": 0.0
    },
    "('WALL', 'WALL', 'WALL')": {
      "AHEAD": -2.639403278688497,
      "TURN_LEFT": -2.2507563254306038,
      "TURN_RIGHT": -2.4983686492421895
    },
    "('WALL', 'WALL', 'RED_APPLE')": {
      "AHEAD": -2.0,
      "TURN_LEFT": -0.034474176043108776,
      "TURN_RIGHT": 0.0
    },
    "('WALL', 'WALL', 'GREEN_APPLE')": {
      "AHEAD": -0.025069654932969133,
      "TURN_LEFT": -0.03435665458620825,
      "TURN_RIGHT": 1.492531989034432
    },
    "('WALL', 'RED_APPLE', 'GREEN_APPLE')": {
      "AHEAD": 0.0,
      "TURN_LEFT": -0.010000000000000002,
      "TURN_RIGHT": 0.0
    },
    "('RED_APPLE', 'WALL', 'WALL')": {
      "AHEAD": -0.809,
      "TURN_LEFT": 0.0,
      "TURN_RIGHT": 0.0
    },
    "('GREEN_APPLE', 'WALL', 'WALL')": {
      "AHEAD": 5.808988229362024,
      "TURN_LEFT": -0.04779510211719259,
      "TURN_RIGHT": -0.037713186882869974
    },
    "('WALL', 'GREEN_APPLE', 'WALL')": {
      "AHEAD": -1.8633354610569595,
      "TURN_LEFT": 2.262537739913752,
      "TURN_RIGHT": -0.04079291368955111
    },
    "('WALL', 'WALL', 'SNAKE')": {
      "AHEAD": -0.151185605071589,
      "TURN_LEFT": -0.15766823778725536,
      "TURN_RIGHT": -0.0772187913853381
    },
    "('GREEN_APPLE', 'GREEN_APPLE', 'WALL')": {
      "AHEAD": 0.0,
      "TURN_LEFT": 0.9836041937000829,
      "TURN_RIGHT": -0.026842779882322067
    },
    "('WALL', 'GREEN_APPLE', 'SNAKE')": {
      "AHEAD": -0.02695749497514896,
      "TURN_LEFT": 0.0,
      "TURN_RIGHT": 0.0
    },
    "('GREEN_APPLE', 'WALL', 'SNAKE')": {
      "AHEAD": 1.1786655230485128,
      "TURN_LEFT": 0.0,
      "TURN_RIGHT": -0.013305781000000001
    },
    "('GREEN_APPLE', 'SNAKE', 'WALL')": {
      "AHEAD": 0.14451818183135,
      "TURN_LEFT": 0.0,
      "TURN_RIGHT": 0.0
    },
    "('GREEN_APPLE', 'WALL', 'GREEN_APPLE')": {
      "AHEAD": 0.0,
      "TURN_LEFT": -2.0,
      "TURN_RIGHT": 0.0
    }
  }
}