{
  "alpha": 0.1,
  "gamma": 0.9,
  "epsilon": 0.05,
  "epsilon_decay": 0.9632458022200177,
  "epsilon_min": 0.05,
  "learning_enabled": true,
  "q_table": {
    "('WALL', 'WALL', 'GREEN_APPLE')": {
      "AHEAD": -2.5296172617646033,
      "TURN_LEFT": -0.08994406149322512,
      "TURN_RIGHT": 7.88041466681738
    },
    "('WALL', 'WALL', 'WALL')": {
      "AHEAD": -0.19226394002722547,
      "TURN_LEFT": -2.8629076667128466,
      "TURN_RIGHT": -1.9492678123613092
    },
    "('GREEN_APPLE', 'WALL', 'RED_APPLE')": {
      "AHEAD": 7.545650536713791,
      "TURN_LEFT": -0.06185917271690522,
      "TURN_RIGHT": -0.03640191200607068
    },
    "('RED_APPLE', 'WALL', 'WALL')": {
      "AHEAD": -1.7013909594646335,
      "TURN_LEFT": -0.8259508030273874,
      "TURN_RIGHT": -2.5939914175560492
    },
    "('WALL', 'WALL', 'RED_APPLE')": {
      "AHEAD": -2.5417586908458487,
      "TURN_LEFT": -1.6998453396203752,
      "TURN_RIGHT": -2.797413192442639
    },
    "('WALL', 'RED_APPLE', 'WALL')": {
      "AHEAD": -2.56445484286193,
      "TURN_LEFT": -0.24037660215889256,
      "TURN_RIGHT": -2.628016468361909
    },
    "('WALL', 'GREEN_APPLE', 'RED_APPLE')": {
      "AHEAD": -0.10462046090495988,
      "TURN_LEFT": 2.1064942656578842,
      "TURN_RIGHT": -0.03517785180314377
    },
    "('WALL', 'RED_APPLE', 'SNAKE')": {
      "AHEAD": -0.2599208015515222,
      "TURN_LEFT": -0.8,
      "TURN_RIGHT": -1.8316867005840944
    },
    "('WALL', 'GREEN_APPLE', 'WALL')": {
      "AHEAD": -0.24384678615826494,
      "TURN_LEFT": 7.88873485843696,
      "TURN_RIGHT": -3.113597954526588
    },
    "('GREEN_APPLE', 'WALL', 'WALL')": {
      "AHEAD": 9.35447908403327,
      "TURN_LEFT": -0.8616738294346911,
      "TURN_RIGHT": -2.0678558697376594
    },
    "('RED_APPLE', 'WALL', 'GREEN_APPLE')": {
      "AHEAD": -0.020235935271496072,
      "TURN_LEFT": 0.06968229623615099,
      "TURN_RIGHT": 2.4282580437804886
    },
    "('GREEN_APPLE', 'RED_APPLE', 'WALL')": {
      "AHEAD": 6.999661399136526,
      "TURN_LEFT": -0.7393763934212143,
      "TURN_RIGHT": -0.039508156372603916
    },
    "('WALL', 'SNAKE', 'WALL')": {
      "AHEAD": -0.8880138960709795,
      "TURN_LEFT": -2.334918496854102,
      "TURN_RIGHT": -2.9085587318794013
    },
    "('WALL', 'RED_APPLE', 'GREEN_APPLE')": {
      "AHEAD": -2.0,
      "TURN_LEFT": -0.8747836023494877,
      "TURN_RIGHT": 0.9736507232708782
    },
    "('WALL', 'WALL', 'SNAKE')": {
      "AHEAD": -2.810413511422892,
      "TURN_LEFT": -2.7162902677736183,
      "TURN_RIGHT": -5.486285915678
    },
    "('WALL', 'SNAKE', 'RED_APPLE')": {
      "AHEAD": -0.9117732658672141,
      "TURN_LEFT": -2.006524301820336,
      "TURN_RIGHT": -0.9650167609162577
    },
    "('GREEN_APPLE', 'SNAKE', 'WALL')": {
      "AHEAD": 8.04413148496181,
      "TURN_LEFT": -0.021800000000000003,
      "TURN_RIGHT": 0.012306454196466324
    },
    "('RED_APPLE', 'SNAKE', 'WALL')": {
      "AHEAD": -1.0235865690276211,
      "TURN_LEFT": -1.6255129242249036,
      "TURN_RIGHT": 0.06360083937313299
    },
    "('GREEN_APPLE', 'WALL', 'SNAKE')": {
      "AHEAD": 6.923515918176957,
      "TURN_LEFT": 0.566884872624049,
      "TURN_RIGHT": -2.0180000000000002
    },
    "('GREEN_APPLE', 'WALL', 'GREEN_APPLE')": {
      "AHEAD": 1.6138186328529767,
      "TURN_LEFT": 0.0,
      "TURN_RIGHT": 6.125733052277129
    },
    "('RED_APPLE', 'GREEN_APPLE', 'WALL')": {
      "AHEAD": -0.8681550579316687,
      "TURN_LEFT": 4.563854125876389,
      "TURN_RIGHT": 0.0
    },
    "('WALL', 'SNAKE', 'GREEN_APPLE')": {
      "AHEAD": 0.5415162758621885,
      "TURN_LEFT": -0.022601049702819904,
      "TURN_RIGHT": 8.091728677387124
    },
    "('WALL', 'GREEN_APPLE', 'SNAKE')": {
      "AHEAD": 0.0,
      "TURN_LEFT": 2.3781631879354026,
      "TURN_RIGHT": 0.0
    },
    "('GREEN_APPLE', 'RED_APPLE', 'SNAKE')": {
      "AHEAD": 0.8787893820554682,
      "TURN_LEFT": 0.0,
      "TURN_RIGHT": 0.0
    },
    "('RED_APPLE', 'WALL', 'SNAKE')": {
      "AHEAD": -0.11823731378985895,
      "TURN_LEFT": -0.03204097286663334,
      "TURN_RIGHT": -2.0
    },
    "('GREEN_APPLE', 'RED_APPLE', 'GREEN_APPLE')": {
      "AHEAD": 2.5367904195160125,
      "TURN_LEFT": 0.0,
      "TURN_RIGHT": 0.0
    },
    "('GREEN_APPLE', 'GREEN_APPLE', 'WALL')": {
      "AHEAD": 7.295646808898661,
      "TURN_LEFT": 0.7476923858859332,
      "TURN_RIGHT": -0.08174241380762351
    },
    "('SNAKE', 'SNAKE', 'WALL')": {
      "AHEAD": -0.17740902285130275,
      "TURN_LEFT": -2.0,
      "TURN_RIGHT": -0.12174818937200398
    },
    "('GREEN_APPLE', 'SNAKE', 'GREEN_APPLE')": {
      "AHEAD": 0.0,
      "TURN_LEFT": -0.021880904209163318,
      "TURN_RIGHT": 0.6316474022954539
    },
    "('SNAKE', 'SNAKE', 'GREEN_APPLE')": {
      "AHEAD": 0.0,
      "TURN_LEFT": 0.0,
      "TURN_RIGHT": 1.0129918377644835
    },
    "('WALL', 'GREEN_APPLE', 'GREEN_APPLE')": {
      "AHEAD": -1.9977512027682325,
      "TURN_LEFT": 0.0,
      "TURN_RIGHT": 1.1682159746824634
    },
    "('SNAKE', 'SNAKE', 'RED_APPLE')": {
      "AHEAD": -2.0,
      "TURN_LEFT": 0.0,
      "TURN_RIGHT": -0.008642894383391905
    },
    "('RED_APPLE', 'SNAKE', 'GREEN_APPLE')": {
      "AHEAD": 0.0,
      "TURN_LEFT": -0.015902609406068535,
      "TURN_RIGHT": 0.0
    }
  }
}