{
  "alpha": 0.1,
  "gamma": 0.9,
  "epsilon": 0.05,
  "epsilon_decay": 0.9962623371738993,
  "epsilon_min": 0.05,
  "learning_enabled": true,
  "q_table": {
    "('WALL', 'GREEN_APPLE', 'WALL')": {
      "AHEAD": -2.6095407451200545,
      "TURN_LEFT": 8.781370361691627,
      "TURN_RIGHT": -3.182501628960102
    },
    "('WALL', 'WALL', 'WALL')": {
      "AHEAD": -1.4923075872963272,
      "TURN_LEFT": -2.1733207447083247,
      "TURN_RIGHT": -2.2510442381939844
    },
    "('WALL', 'RED_APPLE', 'WALL')": {
      "AHEAD": -1.6408378498709522,
      "TURN_LEFT": -1.8459071248236998,
      "TURN_RIGHT": -3.042588237100671
    },
    "('WALL', 'WALL', 'GREEN_APPLE')": {
      "AHEAD": -0.2845618362553244,
      "TURN_LEFT": -0.1432712184054211,
      "TURN_RIGHT": 9.519448195791352
    },
    "('GREEN_APPLE', 'WALL', 'WALL')": {
      "AHEAD": 9.738904252649466,
      "TURN_LEFT": -0.9297008783645535,
      "TURN_RIGHT": -0.3895480951048287
    },
    "('GREEN_APPLE', 'RED_APPLE', 'WALL')": {
      "AHEAD": 10.03255117006831,
      "TURN_LEFT": -0.8885990719769642,
      "TURN_RIGHT": 1.9158250870068463
    },
    "('GREEN_APPLE', 'WALL', 'GREEN_APPLE')": {
      "AHEAD": 6.696971362607679,
      "TURN_LEFT": -0.4180535008458149,
      "TURN_RIGHT": 9.354038183232586
    },
    "('WALL', 'GREEN_APPLE', 'GREEN_APPLE')": {
      "AHEAD": -2.727305220548688,
      "TURN_LEFT": 9.347397321338086,
      "TURN_RIGHT": 6.726725543228997
    },
    "('WALL', 'WALL', 'SNAKE')": {
      "AHEAD": -0.3103702866500916,
      "TURN_LEFT": -1.9723292906027265,
      "TURN_RIGHT": -2.7809665630559937
    },
    "('WALL', 'WALL', 'RED_APPLE')": {
      "AHEAD": 1.0998929568560711,
      "TURN_LEFT": -3.9349845470148717,
      "TURN_RIGHT": -2.8750819094265574
    },
    "('WALL', 'SNAKE', 'WALL')": {
      "AHEAD": 0.37989895588979605,
      "TURN_LEFT": -1.82614129126799,
      "TURN_RIGHT": -2.548104138617259
    },
    "('RED_APPLE', 'WALL', 'WALL')": {
      "AHEAD": -3.940593300467942,
      "TURN_LEFT": 0.2591775617161983,
      "TURN_RIGHT": -3.290568027540405
    },
    "('GREEN_APPLE', 'WALL', 'RED_APPLE')": {
      "AHEAD": 9.904006403907834,
      "TURN_LEFT": 0.9981085442607759,
      "TURN_RIGHT": -1.4775629122705283
    },
    "('RED_APPLE', 'GREEN_APPLE', 'WALL')": {
      "AHEAD": 0.28725163961173344,
      "TURN_LEFT": 8.84331321856947,
      "TURN_RIGHT": 0.2319350578178545
    },
    "('WALL', 'GREEN_APPLE', 'RED_APPLE')": {
      "AHEAD": 0.7244322543551824,
      "TURN_LEFT": 9.683805263598508,
      "TURN_RIGHT": -0.4079228957667698
    },
    "('GREEN_APPLE', 'WALL', 'SNAKE')": {
      "AHEAD": 9.129191268313612,
      "TURN_LEFT": -3.2586136571188167,
      "TURN_RIGHT": -7.317697355039972
    },
    "('RED_APPLE', 'WALL', 'SNAKE')": {
      "AHEAD": -1.6932794518860488,
      "TURN_LEFT": -4.892369160567268,
      "TURN_RIGHT": -4.095160718847435
    },
    "('RED_APPLE', 'SNAKE', 'GREEN_APPLE')": {
      "AHEAD": 0.0,
      "TURN_LEFT": -0.010000000000000002,
      "TURN_RIGHT": 5.431125902571058
    },
    "('WALL', 'RED_APPLE', 'SNAKE')": {
      "AHEAD": 1.1555536164486802,
      "TURN_LEFT": -0.12822094030019793,
      "TURN_RIGHT": -4.174089656583272
    },
    "('RED_APPLE', 'WALL', 'GREEN_APPLE')": {
      "AHEAD": -0.3228465264965009,
      "TURN_LEFT": -0.9774338315416755,
      "TURN_RIGHT": 9.334516979246384
    },
    "('WALL', 'SNAKE', 'RED_APPLE')": {
      "AHEAD": 0.17501707672249567,
      "TURN_LEFT": -2.9477145100480904,
      "TURN_RIGHT": 0.35159753099623303
    },
    "('WALL', 'GREEN_APPLE', 'SNAKE')": {
      "AHEAD": 1.460573536670516,
      "TURN_LEFT": 9.648657472147558,
      "TURN_RIGHT": 0.4241441612913762
    },
    "('GREEN_APPLE', 'SNAKE', 'WALL')": {
      "AHEAD": 10.000475562610712,
      "TURN_LEFT": -5.372774351499681,
      "TURN_RIGHT": 1.6242768173359687
    },
    "('RED_APPLE', 'SNAKE', 'WALL')": {
      "AHEAD": -0.1665957418037987,
      "TURN_LEFT": -2.5149892447747484,
      "TURN_RIGHT": -1.5644035917559962
    },
    "('WALL', 'SNAKE', 'GREEN_APPLE')": {
      "AHEAD": 2.014053321896302,
      "TURN_LEFT": -0.8896747409705779,
      "TURN_RIGHT": 9.518715217781528
    },
    "('GREEN_APPLE', 'RED_APPLE', 'SNAKE')": {
      "AHEAD": 8.447664873438015,
      "TURN_LEFT": 0.0,
      "TURN_RIGHT": 0.9066008374020023
    },
    "('WALL', 'RED_APPLE', 'GREEN_APPLE')": {
      "AHEAD": 1.5381010130390589,
      "TURN_LEFT": 0.007983905677608719,
      "TURN_RIGHT": 9.060388623049251
    },
    "('GREEN_APPLE', 'GREEN_APPLE', 'WALL')": {
      "AHEAD": 7.576027486307261,
      "TURN_LEFT": 9.46136117384429,
      "TURN_RIGHT": -2.6477204186365126
    },
    "('SNAKE', 'SNAKE', 'WALL')": {
      "AHEAD": -0.7354295259250909,
      "TURN_LEFT": -2.0,
      "TURN_RIGHT": 0.8152813648445794
    },
    "('SNAKE', 'WALL', 'SNAKE')": {
      "AHEAD": -0.5864127480067225,
      "TURN_LEFT": 1.456082985651789,
      "TURN_RIGHT": -3.8
    },
    "('GREEN_APPLE', 'RED_APPLE', 'GREEN_APPLE')": {
      "AHEAD": 0.0,
      "TURN_LEFT": 0.0,
      "TURN_RIGHT": 6.0612498792458425
    },
    "('GREEN_APPLE', 'SNAKE', 'GREEN_APPLE')": {
      "AHEAD": 5.928180627889196,
      "TURN_LEFT": 0.0,
      "TURN_RIGHT": 0.0
    },
    "('SNAKE', 'SNAKE', 'RED_APPLE')": {
      "AHEAD": -1.8743651918513988,
      "TURN_LEFT": -2.0,
      "TURN_RIGHT": -0.0029354014667401663
    },
    "('SNAKE', 'RED_APPLE', 'SNAKE')": {
      "AHEAD": 0.0,
      "TURN_LEFT": 1.5282274348237908,
      "TURN_RIGHT": 0.0
    },
    "('RED_APPLE', 'GREEN_APPLE', 'GREEN_APPLE')": {
      "AHEAD": 0.0,
      "TURN_LEFT": 1.967507308075478,
      "TURN_RIGHT": 0.0
    },
    "('SNAKE', 'SNAKE', 'GREEN_APPLE')": {
      "AHEAD": 0.0,
      "TURN_LEFT": -2.0,
      "TURN_RIGHT": 0.0
    },
    "('GREEN_APPLE', 'GREEN_APPLE', 'SNAKE')": {
      "AHEAD": 0.0,
      "TURN_LEFT": 6.869985888596102,
      "TURN_RIGHT": 0.0
    },
    "('GREEN_APPLE', 'SNAKE', 'RED_APPLE')": {
      "AHEAD": 7.793225136654141,
      "TURN_LEFT": -0.9218393922318237,
      "TURN_RIGHT": 0.0
    },
    "('GREEN_APPLE', 'GREEN_APPLE', 'RED_APPLE')": {
      "AHEAD": 6.128463278748157,
      "TURN_LEFT": 0.8533074100305669,
      "TURN_RIGHT": 0.0
    },
    "('RED_APPLE', 'GREEN_APPLE', 'SNAKE')": {
      "AHEAD": 0.0,
      "TURN_LEFT": 4.5335585211466825,
      "TURN_RIGHT": 0.0
    },
    "('SNAKE', 'GREEN_APPLE', 'SNAKE')": {
      "AHEAD": 0.6281880527426258,
      "TURN_LEFT": 0.0,
      "TURN_RIGHT": 0.0
    },
    "('SNAKE', 'SNAKE', 'SNAKE')": {
      "AHEAD": 0.0,
      "TURN_LEFT": -2.0,
      "TURN_RIGHT": 0.0
    }
  }
}