{
  "alpha": 0.1,
  "gamma": 0.9,
  "epsilon": 0.05,
  "epsilon_decay": 0.9632458022200177,
  "epsilon_min": 0.05,
  "learning_enabled": true,
  "q_table": {
    "('GREEN_APPLE', 'GREEN_APPLE', 'WALL')": {
      "AHEAD": 8.081973417628737,
      "TURN_LEFT": 0.6791879966164007,
      "TURN_RIGHT": -0.03900507793562173
    },
    "('WALL', 'GREEN_APPLE', 'WALL')": {
      "AHEAD": -1.047143910184863,
      "TURN_LEFT": 6.975362773937351,
      "TURN_RIGHT": 0.08192140331502104
    },
    "('GREEN_APPLE', 'WALL', 'RED_APPLE')": {
      "AHEAD": 8.01535803331003,
      "TURN_LEFT": -0.1767725511174908,
      "TURN_RIGHT": -0.010000000000000002
    },
    "('RED_APPLE', 'WALL', 'WALL')": {
      "AHEAD": -2.5845657631840213,
      "TURN_LEFT": -0.8038739696749575,
      "TURN_RIGHT": -0.3769354307854128
    },
    "('WALL', 'WALL', 'WALL')": {
      "AHEAD": -1.303864230224447,
      "TURN_LEFT": -2.4149396211416216,
      "TURN_RIGHT": 0.8113203788352789
    },
    "('WALL', 'SNAKE', 'RED_APPLE')": {
      "AHEAD": 0.16634959652374337,
      "TURN_LEFT": -0.03180453359859698,
      "TURN_RIGHT": -0.040242425288840845
    },
    "('WALL', 'SNAKE', 'WALL')": {
      "AHEAD": -1.8183882394892534,
      "TURN_LEFT": -5.523367324774965,
      "TURN_RIGHT": -0.31111701194879404
    },
    "('WALL', 'WALL', 'SNAKE')": {
      "AHEAD": -3.0951697094226525,
      "TURN_LEFT": -0.5283175018180111,
      "TURN_RIGHT": -6.823520063420117
    },
    "('WALL', 'WALL', 'RED_APPLE')": {
      "AHEAD": -2.3118054930747913,
      "TURN_LEFT": -4.823577692999365,
      "TURN_RIGHT": -1.564077916317417
    },
    "('GREEN_APPLE', 'WALL', 'WALL')": {
      "AHEAD": 10.152232396215329,
      "TURN_LEFT": -0.5531414144056074,
      "TURN_RIGHT": -0.7221309815832894
    },
    "('GREEN_APPLE', 'WALL', 'GREEN_APPLE')": {
      "AHEAD": -0.004294391475940976,
      "TURN_LEFT": -0.16332560369476673,
      "TURN_RIGHT": 6.503376472223345
    },
    "('WALL', 'WALL', 'GREEN_APPLE')": {
      "AHEAD": -4.4511325516912015,
      "TURN_LEFT": -0.3830578719783927,
      "TURN_RIGHT": 8.574844143507173
    },
    "('WALL', 'GREEN_APPLE', 'RED_APPLE')": {
      "AHEAD": -0.08787757508729035,
      "TURN_LEFT": 3.8565244946981037,
      "TURN_RIGHT": -0.017182214195581597
    },
    "('WALL', 'RED_APPLE', 'WALL')": {
      "AHEAD": -0.22946193498887918,
      "TURN_LEFT": -1.4309899136958073,
      "TURN_RIGHT": -1.591844609615067
    },
    "('RED_APPLE', 'GREEN_APPLE', 'WALL')": {
      "AHEAD": -0.7854176825358535,
      "TURN_LEFT": 2.298503328814132,
      "TURN_RIGHT": 0.0
    },
    "('WALL', 'RED_APPLE', 'GREEN_APPLE')": {
      "AHEAD": -1.8181764366654367,
      "TURN_LEFT": -0.02073994183369378,
      "TURN_RIGHT": 2.0849231240816395
    },
    "('GREEN_APPLE', 'RED_APPLE', 'WALL')": {
      "AHEAD": 8.065326874591232,
      "TURN_LEFT": -0.0035739037983148177,
      "TURN_RIGHT": -2.0380439956334744
    },
    "('GREEN_APPLE', 'WALL', 'SNAKE')": {
      "AHEAD": 8.456241768852278,
      "TURN_LEFT": 0.1946815730678855,
      "TURN_RIGHT": -0.02931483581315831
    },
    "('WALL', 'RED_APPLE', 'SNAKE')": {
      "AHEAD": -0.21684235367077387,
      "TURN_LEFT": -0.7613355433801512,
      "TURN_RIGHT": -1.651068790510554
    },
    "('GREEN_APPLE', 'SNAKE', 'WALL')": {
      "AHEAD": 6.067484349379815,
      "TURN_LEFT": 0.0,
      "TURN_RIGHT": -0.10574854297435049
    },
    "('SNAKE', 'WALL', 'SNAKE')": {
      "AHEAD": -1.9236508333283628,
      "TURN_LEFT": 0.1656275140876704,
      "TURN_RIGHT": -2.0
    },
    "('WALL', 'SNAKE', 'GREEN_APPLE')": {
      "AHEAD": 0.0,
      "TURN_LEFT": 0.0,
      "TURN_RIGHT": 5.332919333150971
    },
    "('RED_APPLE', 'WALL', 'SNAKE')": {
      "AHEAD": 0.0,
      "TURN_LEFT": 0.8595847192159706,
      "TURN_RIGHT": 0.0
    },
    "('GREEN_APPLE', 'RED_APPLE', 'SNAKE')": {
      "AHEAD": 1.4139684003484585,
      "TURN_LEFT": 0.0,
      "TURN_RIGHT": 0.0
    },
    "('WALL', 'GREEN_APPLE', 'SNAKE')": {
      "AHEAD": 0.09561255119293746,
      "TURN_LEFT": 5.947994577621462,
      "TURN_RIGHT": 0.11101852617437194
    },
    "('GREEN_APPLE', 'GREEN_APPLE', 'RED_APPLE')": {
      "AHEAD": 0.0,
      "TURN_LEFT": 1.142812396829805,
      "TURN_RIGHT": 0.0
    },
    "('GREEN_APPLE', 'GREEN_APPLE', 'SNAKE')": {
      "AHEAD": 0.0,
      "TURN_LEFT": 0.0,
      "TURN_RIGHT": -2.0
    },
    "('RED_APPLE', 'WALL', 'GREEN_APPLE')": {
      "AHEAD": 0.0,
      "TURN_LEFT": 0.0,
      "TURN_RIGHT": 1.6179350526063403
    },
    "('WALL', 'GREEN_APPLE', 'GREEN_APPLE')": {
      "AHEAD": -0.06034722885956704,
      "TURN_LEFT": 0.0,
      "TURN_RIGHT": 2.2255676599436605
    },
    "('SNAKE', 'GREEN_APPLE', 'SNAKE')": {
      "AHEAD": 0.0,
      "TURN_LEFT": 0.0,
      "TURN_RIGHT": -2.0
    },
    "('RED_APPLE', 'SNAKE', 'WALL')": {
      "AHEAD": 0.0,
      "TURN_LEFT": 0.0,
      "TURN_RIGHT": 0.04624275135254366
    },
    "('GREEN_APPLE', 'SNAKE', 'GREEN_APPLE')": {
      "AHEAD": 0.48145417091820186,
      "TURN_LEFT": 0.0,
      "TURN_RIGHT": 0.0
    },
    "('SNAKE', 'SNAKE', 'WALL')": {
      "AHEAD": -0.010000000000000002,
      "TURN_LEFT": 0.0,
      "TURN_RIGHT": 0.09495558657490064
    },
    "('GREEN_APPLE', 'RED_APPLE', 'GREEN_APPLE')": {
      "AHEAD": 0.0,
      "TURN_LEFT": 0.0,
      "TURN_RIGHT": 1.9563557535027836
    },
    "('GREEN_APPLE', 'SNAKE', 'RED_APPLE')": {
      "AHEAD": 0.9360606079524687,
      "TURN_LEFT": 0.0,
      "TURN_RIGHT": 0.0
    }
  }
}