{
  "alpha": 0.1,
  "gamma": 0.9,
  "epsilon": 0.05,
  "epsilon_decay": 0.6876560219336321,
  "epsilon_min": 0.05,
  "learning_enabled": true,
  "q_table": {
    "('GREEN_APPLE', 'WALL', 'WALL')": {
      "AHEAD": 4.876746951197201,
      "TURN_LEFT": -1.662758512179634,
      "TURN_RIGHT": -0.013958233296983045
    },
    "('WALL', 'GREEN_APPLE', 'WALL')": {
      "AHEAD": -0.04603030548139665,
      "TURN_LEFT": 2.348399310194971,
      "TURN_RIGHT": -0.04537076341077497
    },
    "('WALL', 'WALL', 'WALL')": {
      "AHEAD": -2.3017099982709066,
      "TURN_LEFT": -1.3586009609685747,
      "TURN_RIGHT": -0.37836802442518436
    },
    "('GREEN_APPLE', 'GREEN_APPLE', 'WALL')": {
      "AHEAD": 1.684248977883918,
      "TURN_LEFT": 0.0,
      "TURN_RIGHT": -0.010000000000000002
    },
    "('WALL', 'WALL', 'RED_APPLE')": {
      "AHEAD": -0.11106684618885321,
      "TURN_LEFT": -0.11503878271341034,
      "TURN_RIGHT": -0.8332380786092596
    },
    "('WALL', 'SNAKE', 'WALL')": {
      "AHEAD": 0.17165100574005854,
      "TURN_LEFT": 0.0,
      "TURN_RIGHT": -0.011710000000000002
    },
    "('WALL', 'WALL', 'SNAKE')": {
      "AHEAD": -0.7458970619404806,
      "TURN_LEFT": -2.006955356303318,
      "TURN_RIGHT": -3.816119
    },
    "('RED_APPLE', 'WALL', 'WALL')": {
      "AHEAD": -0.889203740681156,
      "TURN_LEFT": -0.030061599055338537,
      "TURN_RIGHT": -0.02938164489169965
    },
    "('WALL', 'RED_APPLE', 'WALL')": {
      "AHEAD": -0.059881343505440325,
      "TURN_LEFT": -0.02914723391812018,
      "TURN_RIGHT": -0.030760854210450772
    },
    "('WALL', 'WALL', 'GREEN_APPLE')": {
      "AHEAD": -0.024038713211662805,
      "TURN_LEFT": 0.0,
      "TURN_RIGHT": 1.4936699653199739
    },
    "('GREEN_APPLE', 'WALL', 'GREEN_APPLE')": {
      "AHEAD": 1.74762217840238,
      "TURN_LEFT": 0.0,
      "TURN_RIGHT": 0.0
    },
    "('WALL', 'RED_APPLE', 'GREEN_APPLE')": {
      "AHEAD": 0.0,
      "TURN_LEFT": 0.0,
      "TURN_RIGHT": -0.010000000000000002
    },
    "('GREEN_APPLE', 'SNAKE', 'WALL')": {
      "AHEAD": 0.34417519320240214,
      "TURN_LEFT": 0.0,
      "TURN_RIGHT": -0.027227004267914315
    },
    "('RED_APPLE', 'GREEN_APPLE', 'WALL')": {
      "AHEAD": 0.0,
      "TURN_LEFT": 0.3814934500877526,
      "TURN_RIGHT": 0.0
    },
    "('WALL', 'GREEN_APPLE', 'SNAKE')": {
      "AHEAD": 0.0,
      "TURN_LEFT": 0.47639314687838025,
      "TURN_RIGHT": -0.16334798243209464
    },
    "('WALL', 'RED_APPLE', 'SNAKE')": {
      "AHEAD": 0.0,
      "TURN_LEFT": 0.0,
      "TURN_RIGHT": -2.0
    },
    "('RED_APPLE', 'WALL', 'GREEN_APPLE')": {
      "AHEAD": -0.011710000000000002,
      "TURN_LEFT": 0.0,
      "TURN_RIGHT": 0.0
    },
    "('GREEN_APPLE', 'WALL', 'RED_APPLE')": {
      "AHEAD": 0.43453642188602065,
      "TURN_LEFT": 0.0,
      "TURN_RIGHT": 0.0
    },
    "('GREEN_APPLE', 'WALL', 'SNAKE')": {
      "AHEAD": 0.47417468646281513,
      "TURN_LEFT": 0.0,
      "TURN_RIGHT": 0.0
    },
    "('GREEN_APPLE', 'RED_APPLE', 'WALL')": {
      "AHEAD": 0.4248572178165336,
      "TURN_LEFT": 0.0,
      "TURN_RIGHT": 0.0
    },
    "('GREEN_APPLE', 'GREEN_APPLE', 'SNAKE')": {
      "AHEAD": 0.0,
      "TURN_LEFT": 0.0,
      "TURN_RIGHT": -2.0
    }
  }
}