{
  "alpha": 0.1,
  "gamma": 0.9,
  "epsilon": 0.05,
  "epsilon_decay": 0.9996256035696476,
  "epsilon_min": 0.05,
  "learning_enabled": true,
  "q_table": {
    "('WALL', 'WALL', 'WALL')": {
      "AHEAD": -0.848906760248197,
      "TURN_LEFT": 1.068131679781741,
      "TURN_RIGHT": -0.405149203529848
    },
    "('WALL', 'WALL', 'RED_APPLE')": {
      "AHEAD": 0.25307831399012665,
      "TURN_LEFT": -3.0277749458849983,
      "TURN_RIGHT": -3.242328595641679
    },
    "('WALL', 'GREEN_APPLE', 'WALL')": {
      "AHEAD": -2.064134676385485,
      "TURN_LEFT": 9.945148535081618,
      "TURN_RIGHT": 0.5888770270796531
    },
    "('RED_APPLE', 'WALL', 'WALL')": {
      "AHEAD": -2.8453721275698474,
      "TURN_LEFT": 1.1640136634243214,
      "TURN_RIGHT": -2.001483103158206
    },
    "('WALL', 'WALL', 'GREEN_APPLE')": {
      "AHEAD": -0.45083997556580707,
      "TURN_LEFT": -1.5131959360460998,
      "TURN_RIGHT": 11.694029648031531
    },
    "('WALL', 'RED_APPLE', 'WALL')": {
      "AHEAD": -7.277059809375964,
      "TURN_LEFT": 0.17393200628126992,
      "TURN_RIGHT": -1.854251243817502
    },
    "('GREEN_APPLE', 'WALL', 'WALL')": {
      "AHEAD": 10.512626643833709,
      "TURN_LEFT": -1.436791612557102,
      "TURN_RIGHT": 2.4717113987812853
    },
    "('GREEN_APPLE', 'WALL', 'RED_APPLE')": {
      "AHEAD": 11.713063570264607,
      "TURN_LEFT": 1.9214025294013442,
      "TURN_RIGHT": 0.3770624927898687
    },
    "('GREEN_APPLE', 'RED_APPLE', 'WALL')": {
      "AHEAD": 11.548450154018065,
      "TURN_LEFT": -1.0526954394795105,
      "TURN_RIGHT": -0.569624945751646
    },
    "('WALL', 'WALL', 'SNAKE')": {
      "AHEAD": -1.3828455039389522,
      "TURN_LEFT": 0.7085963791275345,
      "TURN_RIGHT": -3.420274771713573
    },
    "('WALL', 'SNAKE', 'WALL')": {
      "AHEAD": 1.179749136477674,
      "TURN_LEFT": -1.4256608289169481,
      "TURN_RIGHT": -1.5926051101437988
    },
    "('GREEN_APPLE', 'SNAKE', 'WALL')": {
      "AHEAD": 11.051867019843673,
      "TURN_LEFT": -6.8638730063328595,
      "TURN_RIGHT": -0.10957716801138406
    },
    "('WALL', 'SNAKE', 'GREEN_APPLE')": {
      "AHEAD": 1.9912015380253874,
      "TURN_LEFT": -8.67979324410748,
      "TURN_RIGHT": 10.870742793454857
    },
    "('WALL', 'GREEN_APPLE', 'SNAKE')": {
      "AHEAD": 1.6918633290068599,
      "TURN_LEFT": 12.168950483927645,
      "TURN_RIGHT": -8.297440098302248
    },
    "('GREEN_APPLE', 'GREEN_APPLE', 'SNAKE')": {
      "AHEAD": 10.153634021274183,
      "TURN_LEFT": 4.675260272755738,
      "TURN_RIGHT": -1.7354806391800042
    },
    "('GREEN_APPLE', 'WALL', 'GREEN_APPLE')": {
      "AHEAD": 10.495100826623728,
      "TURN_LEFT": -3.3647073842689488,
      "TURN_RIGHT": 9.42349386726432
    },
    "('RED_APPLE', 'WALL', 'GREEN_APPLE')": {
      "AHEAD": -0.27534855870510183,
      "TURN_LEFT": -0.18840913988787236,
      "TURN_RIGHT": 10.02686680737823
    },
    "('GREEN_APPLE', 'GREEN_APPLE', 'WALL')": {
      "AHEAD": 11.218435025641087,
      "TURN_LEFT": 9.240298276327037,
      "TURN_RIGHT": -2.6195194744713013
    },
    "('RED_APPLE', 'GREEN_APPLE', 'WALL')": {
      "AHEAD": -0.07595559627035324,
      "TURN_LEFT": 10.265044258869649,
      "TURN_RIGHT": -1.2154805339062804
    },
    "('WALL', 'RED_APPLE', 'GREEN_APPLE')": {
      "AHEAD": 0.3031351452721759,
      "TURN_LEFT": -2.0073791755243846,
      "TURN_RIGHT": 9.869251984759263
    },
    "('RED_APPLE', 'SNAKE', 'WALL')": {
      "AHEAD": 0.3692349780262535,
      "TURN_LEFT": -7.172658554977613,
      "TURN_RIGHT": -1.735776137523283
    },
    "('WALL', 'SNAKE', 'RED_APPLE')": {
      "AHEAD": 2.264963573314579,
      "TURN_LEFT": -3.7704713356625694,
      "TURN_RIGHT": -0.5812287156176845
    },
    "('GREEN_APPLE', 'WALL', 'SNAKE')": {
      "AHEAD": 10.283460431373436,
      "TURN_LEFT": -2.2415319061662387,
      "TURN_RIGHT": -4.091102262572981
    },
    "('WALL', 'GREEN_APPLE', 'RED_APPLE')": {
      "AHEAD": -5.46868272706158,
      "TURN_LEFT": 11.234614595291047,
      "TURN_RIGHT": -0.776092448617486
    },
    "('WALL', 'GREEN_APPLE', 'GREEN_APPLE')": {
      "AHEAD": -2.657043855837422,
      "TURN_LEFT": 10.453676987394848,
      "TURN_RIGHT": 9.427561203750859
    },
    "('RED_APPLE', 'SNAKE', 'GREEN_APPLE')": {
      "AHEAD": 1.759418499852264,
      "TURN_LEFT": -0.42709670388403653,
      "TURN_RIGHT": 10.484452314635051
    },
    "('RED_APPLE', 'GREEN_APPLE', 'GREEN_APPLE')": {
      "AHEAD": 0.20577512878819754,
      "TURN_LEFT": 2.086776775614606,
      "TURN_RIGHT": 10.00910761906286
    },
    "('GREEN_APPLE', 'RED_APPLE', 'SNAKE')": {
      "AHEAD": 11.573995801971344,
      "TURN_LEFT": 1.5398817020791833,
      "TURN_RIGHT": -3.89328897996002
    },
    "('RED_APPLE', 'WALL', 'SNAKE')": {
      "AHEAD": 0.1369222529675167,
      "TURN_LEFT": -3.3163833870295925,
      "TURN_RIGHT": -6.091648671501346
    },
    "('WALL', 'RED_APPLE', 'SNAKE')": {
      "AHEAD": 1.082445811919113,
      "TURN_LEFT": 0.8406981790514305,
      "TURN_RIGHT": -6.599446489647723
    },
    "('GREEN_APPLE', 'RED_APPLE', 'GREEN_APPLE')": {
      "AHEAD": 11.176183174608969,
      "TURN_LEFT": -0.7375524093774986,
      "TURN_RIGHT": 4.916333724029211
    },
    "('GREEN_APPLE', 'SNAKE', 'GREEN_APPLE')": {
      "AHEAD": 5.243316330074497,
      "TURN_LEFT": -3.758275604951384,
      "TURN_RIGHT": 10.397823055096984
    },
    "('SNAKE', 'WALL', 'SNAKE')": {
      "AHEAD": 0.1317033436679058,
      "TURN_LEFT": 1.9282122889032072,
      "TURN_RIGHT": -12.808595404674794
    },
    "('SNAKE', 'SNAKE', 'WALL')": {
      "AHEAD": -0.4871195022152606,
      "TURN_LEFT": -15.777800281291503,
      "TURN_RIGHT": 1.9491678976789688
    },
    "('GREEN_APPLE', 'GREEN_APPLE', 'RED_APPLE')": {
      "AHEAD": 10.606967341967815,
      "TURN_LEFT": 6.70475516037237,
      "TURN_RIGHT": 0.49098855089102844
    },
    "('SNAKE', 'GREEN_APPLE', 'SNAKE')": {
      "AHEAD": -2.0,
      "TURN_LEFT": 9.941266884108808,
      "TURN_RIGHT": -2.0
    },
    "('RED_APPLE', 'GREEN_APPLE', 'SNAKE')": {
      "AHEAD": 2.3978684593500215,
      "TURN_LEFT": 10.064055814151518,
      "TURN_RIGHT": -3.0960493757004
    },
    "('GREEN_APPLE', 'SNAKE', 'RED_APPLE')": {
      "AHEAD": 10.149840248162333,
      "TURN_LEFT": -3.228455700914264,
      "TURN_RIGHT": 0.9862230163165844
    },
    "('SNAKE', 'SNAKE', 'GREEN_APPLE')": {
      "AHEAD": -1.2936089725074387,
      "TURN_LEFT": -3.8,
      "TURN_RIGHT": 10.105256982613508
    },
    "('SNAKE', 'SNAKE', 'RED_APPLE')": {
      "AHEAD": 0.38357384757807034,
      "TURN_LEFT": -2.0,
      "TURN_RIGHT": -0.4612623197165644
    },
    "('SNAKE', 'RED_APPLE', 'SNAKE')": {
      "AHEAD": -1.897303673827579,
      "TURN_LEFT": -0.3848966901644625,
      "TURN_RIGHT": -3.8
    },
    "('SNAKE', 'SNAKE', 'SNAKE')": {
      "AHEAD": -10.3594529972,
      "TURN_LEFT": -9.538125221948277,
      "TURN_RIGHT": -7.203548398175481
    },
    "('GREEN_APPLE', 'SNAKE', 'SNAKE')": {
      "AHEAD": 0.0,
      "TURN_LEFT": 0.6939894218075155,
      "TURN_RIGHT": 0.0
    },
    "('WALL', 'SNAKE', 'SNAKE')": {
      "AHEAD": 0.0,
      "TURN_LEFT": -2.0,
      "TURN_RIGHT": 0.0
    },
    "('SNAKE', 'WALL', 'GREEN_APPLE')": {
      "AHEAD": 0.0,
      "TURN_LEFT": 0.01478670639396556,
      "TURN_RIGHT": 0.0
    },
    "('SNAKE', 'RED_APPLE', 'WALL')": {
      "AHEAD": -2.0,
      "TURN_LEFT": -1.5538125221948278,
      "TURN_RIGHT": 0.0
    },
    "('SNAKE', 'GREEN_APPLE', 'WALL')": {
      "AHEAD": -1.9372396641972764,
      "TURN_LEFT": 1.0246365943809665,
      "TURN_RIGHT": 0.0
    },
    "('RED_APPLE', 'SNAKE', 'SNAKE')": {
      "AHEAD": -1.1636798844208174,
      "TURN_LEFT": 0.1343618807414877,
      "TURN_RIGHT": -0.7195378147224694
    },
    "('SNAKE', 'RED_APPLE', 'GREEN_APPLE')": {
      "AHEAD": 0.10674863189507067,
      "TURN_LEFT": -1.4169788,
      "TURN_RIGHT": 0.0
    },
    "('SNAKE', 'WALL', 'RED_APPLE')": {
      "AHEAD": 0.0,