{
  "alpha": 0.1,
  "gamma": 0.9,
  "epsilon": 0.05,
  "epsilon_decay": 0.9996256035696476,
  "epsilon_min": 0.05,
  "learning_enabled": true,
  "q_table": {
    "('WALL', 'WALL', 'WALL')": {
      "AHEAD": -3.8508523843173244,
      "TURN_LEFT": -2.3163668931655934,
      "TURN_RIGHT": -2.060157463691352
    },
    "('GREEN_APPLE', 'WALL', 'WALL')": {
      "AHEAD": 8.24388076866567,
      "TURN_LEFT": -0.9920238519205092,
      "TURN_RIGHT": -2.486534466213789
    },
    "('WALL', 'WALL', 'GREEN_APPLE')": {
      "AHEAD": -4.287884641990588,
      "TURN_LEFT": -0.9239836181957325,
      "TURN_RIGHT": 8.148042641469411
    },
    "('GREEN_APPLE', 'WALL', 'RED_APPLE')": {
      "AHEAD": 10.029918272532772,
      "TURN_LEFT": -1.8198373546506528,
      "TURN_RIGHT": -4.388092059084906
    },
    "('RED_APPLE', 'WALL', 'WALL')": {
      "AHEAD": -3.299820181489613,
      "TURN_LEFT": -3.6159101030080127,
      "TURN_RIGHT": -0.9685880870204309
    },
    "('WALL', 'GREEN_APPLE', 'SNAKE')": {
      "AHEAD": 0.06780918159667226,
      "TURN_LEFT": 9.41827719645253,
      "TURN_RIGHT": -4.7791770387166235
    },
    "('GREEN_APPLE', 'GREEN_APPLE', 'WALL')": {
      "AHEAD": 9.41533858399393,
      "TURN_LEFT": 7.800921929196859,
      "TURN_RIGHT": -3.9650730572426087
    },
    "('WALL', 'SNAKE', 'GREEN_APPLE')": {
      "AHEAD": 0.7408905153933708,
      "TURN_LEFT": -4.412683331983741,
      "TURN_RIGHT": 9.443807204374549
    },
    "('WALL', 'WALL', 'SNAKE')": {
      "AHEAD": -4.757172504966133,
      "TURN_LEFT": 1.025601132212878,
      "TURN_RIGHT": -12.054143856228707
    },
    "('WALL', 'WALL', 'RED_APPLE')": {
      "AHEAD": -4.772879045116314,
      "TURN_LEFT": -4.196203451288252,
      "TURN_RIGHT": -2.0030877426689075
    },
    "('WALL', 'GREEN_APPLE', 'WALL')": {
      "AHEAD": -5.319017739256178,
      "TURN_LEFT": 8.42313624750829,
      "TURN_RIGHT": -1.2962288191003668
    },
    "('WALL', 'RED_APPLE', 'WALL')": {
      "AHEAD": -3.667717069073837,
      "TURN_LEFT": -3.534645686698368,
      "TURN_RIGHT": -0.8180025636057134
    },
    "('RED_APPLE', 'GREEN_APPLE', 'WALL')": {
      "AHEAD": -0.903853739846214,
      "TURN_LEFT": 7.913945916327093,
      "TURN_RIGHT": -3.399754149974947
    },
    "('RED_APPLE', 'GREEN_APPLE', 'GREEN_APPLE')": {
      "AHEAD": 0.6509498116175161,
      "TURN_LEFT": 9.02936968168635,
      "TURN_RIGHT": 2.803153386896362
    },
    "('WALL', 'GREEN_APPLE', 'GREEN_APPLE')": {
      "AHEAD": -0.9457262438086067,
      "TURN_LEFT": 7.918471079328883,
      "TURN_RIGHT": 7.666313138672228
    },
    "('WALL', 'SNAKE', 'WALL')": {
      "AHEAD": -5.929190751713152,
      "TURN_LEFT": -12.639417862716703,
      "TURN_RIGHT": -1.6195891638194786
    },
    "('GREEN_APPLE', 'WALL', 'GREEN_APPLE')": {
      "AHEAD": 10.080951039167646,
      "TURN_LEFT": -4.572946276251382,
      "TURN_RIGHT": 7.734928580635177
    },
    "('GREEN_APPLE', 'RED_APPLE', 'WALL')": {
      "AHEAD": 8.852594296805481,
      "TURN_LEFT": -2.503828814977944,
      "TURN_RIGHT": -6.274652932514555
    },
    "('WALL', 'RED_APPLE', 'GREEN_APPLE')": {
      "AHEAD": -0.9473670926228871,
      "TURN_LEFT": -1.9356213675261227,
      "TURN_RIGHT": 9.377902299066335
    },
    "('RED_APPLE', 'WALL', 'GREEN_APPLE')": {
      "AHEAD": -0.06919772679524099,
      "TURN_LEFT": -2.0443005708490953,
      "TURN_RIGHT": 8.120243211729044
    },
    "('RED_APPLE', 'WALL', 'SNAKE')": {
      "AHEAD": -2.180043601085498,
      "TURN_LEFT": -6.067273662104948,
      "TURN_RIGHT": -9.652007351025528
    },
    "('WALL', 'SNAKE', 'RED_APPLE')": {
      "AHEAD": -4.641829759815343,
      "TURN_LEFT": -7.429468331810572,
      "TURN_RIGHT": -1.5020931935226476
    },
    "('RED_APPLE', 'SNAKE', 'WALL')": {
      "AHEAD": -2.0165992785146303,
      "TURN_LEFT": -6.401579876582519,
      "TURN_RIGHT": -3.1427557111643774
    },
    "('GREEN_APPLE', 'RED_APPLE', 'GREEN_APPLE')": {
      "AHEAD": 8.86519703045315,
      "TURN_LEFT": -0.8818251439492124,
      "TURN_RIGHT": 5.1075100757489595
    },
    "('GREEN_APPLE', 'GREEN_APPLE', 'RED_APPLE')": {
      "AHEAD": 2.9569677211705927,
      "TURN_LEFT": 9.396841196909213,
      "TURN_RIGHT": 0.14897200069762873
    },
    "('WALL', 'GREEN_APPLE', 'RED_APPLE')": {
      "AHEAD": -0.5929802757102607,
      "TURN_LEFT": 8.1581875462665,
      "TURN_RIGHT": -0.9855318991174167
    },
    "('GREEN_APPLE', 'WALL', 'SNAKE')": {
      "AHEAD": 8.253268508417412,
      "TURN_LEFT": 1.3528117321334565,
      "TURN_RIGHT": -7.462791634835453
    },
    "('GREEN_APPLE', 'SNAKE', 'WALL')": {
      "AHEAD": 9.236268946222108,
      "TURN_LEFT": -4.700974465483084,
      "TURN_RIGHT": -2.937800161739429
    },
    "('RED_APPLE', 'GREEN_APPLE', 'SNAKE')": {
      "AHEAD": 0.33794371789207484,
      "TURN_LEFT": 9.02506132092866,
      "TURN_RIGHT": -2.0
    },
    "('WALL', 'RED_APPLE', 'SNAKE')": {
      "AHEAD": -0.4694841629088858,
      "TURN_LEFT": -3.1179461728200253,
      "TURN_RIGHT": -5.370054845678326
    },
    "('SNAKE', 'GREEN_APPLE', 'SNAKE')": {
      "AHEAD": 0.3640479778220503,
      "TURN_LEFT": 8.800959163257806,
      "TURN_RIGHT": -2.01
    },
    "('SNAKE', 'WALL', 'SNAKE')": {
      "AHEAD": -3.963172470359395,
      "TURN_LEFT": -0.3211797468442105,
      "TURN_RIGHT": -16.565737813668246
    },
    "('GREEN_APPLE', 'RED_APPLE', 'SNAKE')": {
      "AHEAD": 8.477598327290174,
      "TURN_LEFT": -0.8342036736036667,
      "TURN_RIGHT": -10.71108529141641
    },
    "('SNAKE', 'SNAKE', 'WALL')": {
      "AHEAD": -3.6313039945587895,
      "TURN_LEFT": -14.284065746004273,
      "TURN_RIGHT": -2.4381493422960907
    },
    "('GREEN_APPLE', 'GREEN_APPLE', 'SNAKE')": {
      "AHEAD": 8.527673221428497,
      "TURN_LEFT": 4.88284076456386,
      "TURN_RIGHT": -3.0846539057074653
    },
    "('RED_APPLE', 'SNAKE', 'GREEN_APPLE')": {
      "AHEAD": -0.501291484686692,
      "TURN_LEFT": -2.817636929425936,
      "TURN_RIGHT": 10.421925391008932
    },
    "('GREEN_APPLE', 'SNAKE', 'RED_APPLE')": {
      "AHEAD": 7.553835800142913,
      "TURN_LEFT": -4.0635294700318765,
      "TURN_RIGHT": 0.19014275455064078
    },
    "('GREEN_APPLE', 'SNAKE', 'GREEN_APPLE')": {
      "AHEAD": 8.669751819037844,
      "TURN_LEFT": -4.024192525535648,
      "TURN_RIGHT": 4.018977232094996
    },
    "('SNAKE', 'SNAKE', 'GREEN_APPLE')": {
      "AHEAD": 0.0,
      "TURN_LEFT": 0.0,
      "TURN_RIGHT": 8.127305363173443
    },
    "('SNAKE', 'SNAKE', 'SNAKE')": {
      "AHEAD": -8.15119202,
      "TURN_LEFT": -7.817378824748882,
      "TURN_RIGHT": -7.773472410610614
    },
    "('SNAKE', 'RED_APPLE', 'SNAKE')": {
      "AHEAD": -1.7194135011070537,
      "TURN_LEFT": 0.902761044456603,
      "TURN_RIGHT": -2.0
    },
    "('SNAKE', 'SNAKE', 'RED_APPLE')": {
      "AHEAD": -3.128820207916122,
      "TURN_LEFT": -2.0269999999999997,
      "TURN_RIGHT": -0.9556935675470452
    },
    "('SNAKE', 'RED_APPLE', 'GREEN_APPLE')": {
      "AHEAD": 0.0,
      "TURN_LEFT": 0.0,
      "TURN_RIGHT": 1.0487615414168359
    },
    "('SNAKE', 'RED_APPLE', 'WALL')": {
      "AHEAD": -2.0,
      "TURN_LEFT": -0.9128820207916122,
      "TURN_RIGHT": 0.0
    },
    "('SNAKE', 'WALL', 'RED_APPLE')": {
      "AHEAD": 0.0,
      "TURN_LEFT": -1.9980935938198685,
      "TURN_RIGHT": 0.0
    },
    "('SNAKE', 'WALL', 'GREEN_APPLE')": {
      "AHEAD": 0.30587972531650537,
      "TURN_LEFT": 0.0,
      "TURN_RIGHT": 0.0
    },
    "('GREEN_APPLE', 'SNAKE', 'SNAKE')": {
      "AHEAD": 0.0,
      "TURN_LEFT": 0.0,
      "TURN_RIGHT": -1.9749916483262189
    },
    "('SNAKE', 'GREEN_APPLE', 'GREEN_APPLE')": {
      "AHEAD": -0.007853905509271742,
      "TURN_LEFT": 0.0,
      "TURN_RIGHT": 0.0
    },
    "('SNAKE', 'GREEN_APPLE', 'WALL')": {
      "AHEAD": 0.0,
      "TURN_LEFT": 0.553624575027902,
      "TURN_RIGHT": 0.0
    },
    "('RED_APPLE', 'SNAKE', 'SNAKE')": {
      "AHEAD": 0.0,
      "TURN_LEFT": 0.0,