{
  "alpha": 0.1,
  "gamma": 0.9,
  "epsilon": 0.05,
  "epsilon_decay": 0.9962623371738993,
  "epsilon_min": 0.05,
  "learning_enabled": true,
  "q_table": {
    "('WALL', 'WALL', 'WALL')": {
      "AHEAD": -3.164990515805836,
      "TURN_LEFT": -2.467702897083556,
      "TURN_RIGHT": 1.3064112247007587
    },
    "('WALL', 'GREEN_APPLE', 'WALL')": {
      "AHEAD": -3.58737318395121,
      "TURN_LEFT": 8.52904637285196,
      "TURN_RIGHT": -3.6636440429017703
    },
    "('WALL', 'WALL', 'GREEN_APPLE')": {
      "AHEAD": -0.8262301835199746,
      "TURN_LEFT": 0.3528128778765437,
      "TURN_RIGHT": 9.167043237823528
    },
    "('GREEN_APPLE', 'GREEN_APPLE', 'WALL')": {
      "AHEAD": 10.17722420643678,
      "TURN_LEFT": 7.40554553252824,
      "TURN_RIGHT": -1.87416593014753
    },
    "('GREEN_APPLE', 'WALL', 'WALL')": {
      "AHEAD": 9.487814984633577,
      "TURN_LEFT": -2.04086696752935,
      "TURN_RIGHT": -0.3200149922949373
    },
    "('WALL', 'WALL', 'RED_APPLE')": {
      "AHEAD": -1.9216564672833345,
      "TURN_LEFT": 0.25632945786426514,
      "TURN_RIGHT": -2.6198743146262107
    },
    "('WALL', 'RED_APPLE', 'WALL')": {
      "AHEAD": -4.933713753385433,
      "TURN_LEFT": -1.4234619002772606,
      "TURN_RIGHT": -5.303249286640657
    },
    "('GREEN_APPLE', 'WALL', 'GREEN_APPLE')": {
      "AHEAD": 8.938097052888741,
      "TURN_LEFT": -1.1810024701056705,
      "TURN_RIGHT": 7.880863441787489
    },
    "('GREEN_APPLE', 'WALL', 'RED_APPLE')": {
      "AHEAD": 9.247928225677317,
      "TURN_LEFT": -0.9279116450572745,
      "TURN_RIGHT": 0.3854694930370631
    },
    "('WALL', 'SNAKE', 'WALL')": {
      "AHEAD": -1.0519628055426673,
      "TURN_LEFT": -2.1187243761869494,
      "TURN_RIGHT": 1.7894094412974604
    },
    "('RED_APPLE', 'WALL', 'WALL')": {
      "AHEAD": -2.705096438390538,
      "TURN_LEFT": -2.7489968730793497,
      "TURN_RIGHT": -2.362277343583084
    },
    "('WALL', 'WALL', 'SNAKE')": {
      "AHEAD": -0.820472652943844,
      "TURN_LEFT": -2.4880882600220104,
      "TURN_RIGHT": -2.7198891880174485
    },
    "('WALL', 'SNAKE', 'RED_APPLE')": {
      "AHEAD": -1.8136177686625332,
      "TURN_LEFT": -3.826516714161455,
      "TURN_RIGHT": -1.4885787943442523
    },
    "('WALL', 'GREEN_APPLE', 'RED_APPLE')": {
      "AHEAD": -5.941055233027899,
      "TURN_LEFT": 9.047715426815977,
      "TURN_RIGHT": -0.03018995694823426
    },
    "('GREEN_APPLE', 'SNAKE', 'WALL')": {
      "AHEAD": 7.830225095267048,
      "TURN_LEFT": -5.965706533514032,
      "TURN_RIGHT": -1.8544541558691114
    },
    "('WALL', 'RED_APPLE', 'SNAKE')": {
      "AHEAD": 1.2193750184025727,
      "TURN_LEFT": -1.5466183040272963,
      "TURN_RIGHT": -1.2301408135297418
    },
    "('WALL', 'GREEN_APPLE', 'SNAKE')": {
      "AHEAD": 0.3641354144674518,
      "TURN_LEFT": 10.496232505414513,
      "TURN_RIGHT": -1.6384871840077853
    },
    "('RED_APPLE', 'GREEN_APPLE', 'WALL')": {
      "AHEAD": 0.035611537537039634,
      "TURN_LEFT": 9.957851937374123,
      "TURN_RIGHT": 0.5938640306003125
    },
    "('WALL', 'RED_APPLE', 'GREEN_APPLE')": {
      "AHEAD": 0.2906553776672256,
      "TURN_LEFT": 0.0861579891706632,
      "TURN_RIGHT": 9.384062245234908
    },
    "('GREEN_APPLE', 'RED_APPLE', 'WALL')": {
      "AHEAD": 9.123973016469375,
      "TURN_LEFT": -0.7757760468803165,
      "TURN_RIGHT": -0.30112267374206003
    },
    "('WALL', 'GREEN_APPLE', 'GREEN_APPLE')": {
      "AHEAD": 0.7734419237346282,
      "TURN_LEFT": 5.447534299524864,
      "TURN_RIGHT": 8.681054399613322
    },
    "('WALL', 'SNAKE', 'GREEN_APPLE')": {
      "AHEAD": 1.454881950550723,
      "TURN_LEFT": -5.79086383769339,
      "TURN_RIGHT": 8.736896214844675
    },
    "('GREEN_APPLE', 'WALL', 'SNAKE')": {
      "AHEAD": 9.269524704387864,
      "TURN_LEFT": -2.265554674473939,
      "TURN_RIGHT": -5.618691493186683
    },
    "('RED_APPLE', 'WALL', 'SNAKE')": {
      "AHEAD": -2.5146523070372355,
      "TURN_LEFT": -2.1871662118235418,
      "TURN_RIGHT": -1.88544716620993
    },
    "('RED_APPLE', 'SNAKE', 'WALL')": {
      "AHEAD": -2.844675719812019,
      "TURN_LEFT": -2.9663646016823586,
      "TURN_RIGHT": -2.2324539045762535
    },
    "('RED_APPLE', 'SNAKE', 'GREEN_APPLE')": {
      "AHEAD": -0.006760147641833855,
      "TURN_LEFT": 0.0,
      "TURN_RIGHT": 3.9014741747370523
    },
    "('GREEN_APPLE', 'RED_APPLE', 'GREEN_APPLE')": {
      "AHEAD": 2.4888846271083414,
      "TURN_LEFT": -0.5610912900927064,
      "TURN_RIGHT": 6.714719103724072
    },
    "('RED_APPLE', 'WALL', 'GREEN_APPLE')": {
      "AHEAD": -1.2199561724623889,
      "TURN_LEFT": 0.2832145518857373,
      "TURN_RIGHT": 5.575819665695399
    },
    "('SNAKE', 'WALL', 'SNAKE')": {
      "AHEAD": -0.838261983278547,
      "TURN_LEFT": 1.1833827442761828,
      "TURN_RIGHT": -3.8
    },
    "('SNAKE', 'SNAKE', 'WALL')": {
      "AHEAD": -2.952357254329711,
      "TURN_LEFT": -1.82,
      "TURN_RIGHT": 0.5411581201176141
    },
    "('SNAKE', 'SNAKE', 'GREEN_APPLE')": {
      "AHEAD": -2.0,
      "TURN_LEFT": -2.0,
      "TURN_RIGHT": 1.0019717925065001
    },
    "('GREEN_APPLE', 'SNAKE', 'GREEN_APPLE')": {
      "AHEAD": 0.0,
      "TURN_LEFT": -2.0180000000000002,
      "TURN_RIGHT": 6.519731439164092
    },
    "('GREEN_APPLE', 'SNAKE', 'RED_APPLE')": {
      "AHEAD": 6.384138884927202,
      "TURN_LEFT": -3.265392036784157,
      "TURN_RIGHT": -0.4890093769592888
    },
    "('GREEN_APPLE', 'RED_APPLE', 'SNAKE')": {
      "AHEAD": 7.08818556151182,
      "TURN_LEFT": -0.9184585701376918,
      "TURN_RIGHT": -3.8
    },
    "('SNAKE', 'SNAKE', 'RED_APPLE')": {
      "AHEAD": -2.0,
      "TURN_LEFT": -2.0,
      "TURN_RIGHT": 0.0
    },
    "('SNAKE', 'RED_APPLE', 'SNAKE')": {
      "AHEAD": 0.15816087380336197,
      "TURN_LEFT": 0.0,
      "TURN_RIGHT": -2.0
    },
    "('GREEN_APPLE', 'GREEN_APPLE', 'SNAKE')": {
      "AHEAD": 6.1669551649020455,
      "TURN_LEFT": 0.0,
      "TURN_RIGHT": 0.0
    },
    "('SNAKE', 'GREEN_APPLE', 'RED_APPLE')": {
      "AHEAD": -2.0,
      "TURN_LEFT": 0.0,
      "TURN_RIGHT": 0.0
    },
    "('GREEN_APPLE', 'GREEN_APPLE', 'RED_APPLE')": {
      "AHEAD": 0.0,
      "TURN_LEFT": 4.874085872222668,
      "TURN_RIGHT": 0.0
    },
    "('SNAKE', 'GREEN_APPLE', 'SNAKE')": {
      "AHEAD": 0.0,
      "TURN_LEFT": 1.2573885614237321,
      "TURN_RIGHT": -2.0
    },
    "('RED_APPLE', 'GREEN_APPLE', 'SNAKE')": {
      "AHEAD": 0.0,
      "TURN_LEFT": 1.6743632376575988,
      "TURN_RIGHT": 0.0
    },
    "('RED_APPLE', 'GREEN_APPLE', 'GREEN_APPLE')": {
      "AHEAD": 0.0,
      "TURN_LEFT": 0.0,
      "TURN_RIGHT": 0.9946992671605669
    },
    "('SNAKE', 'SNAKE', 'SNAKE')": {
      "AHEAD": 0.0,
      "TURN_LEFT": 0.0,
      "TURN_RIGHT": 1.1026917312235398
    }
  }
}